{
  "methodology": "classifyHomecareType v0 logic を全47県に適用",
  "reference_avg": {
    "share75": 17.931976603910435,
    "hc_per75": 327295.54422156484,
    "rec_share": 18.29691707734863,
    "chr_share": 25.28232912621895
  },
  "distributions": {
    "share75": {
      "label": "75歳以上割合(%)",
      "n": 47,
      "min": 11.61043136012724,
      "max": 22.037171344865516,
      "mean": 17.931976603910435,
      "median": 18.03416144001529,
      "p25": 16.806782574140083,
      "p75": 19.35921963201776
    },
    "hc_per75": {
      "label": "NDB在宅医療/75+10万対",
      "n": 47,
      "min": 173533.26597777265,
      "max": 585951.0592407845,
      "mean": 327295.54422156484,
      "median": 326606.4981565777,
      "p25": 275253.5874481193,
      "p75": 371670.80616630276
    },
    "rec_share": {
      "label": "回復期シェア(%)",
      "n": 47,
      "min": 11.45255003227889,
      "max": 25.32523850823938,
      "mean": 18.29691707734863,
      "median": 18.331411801697936,
      "p25": 15.881686076471194,
      "p75": 20.392156862745097
    },
    "chr_share": {
      "label": "慢性期シェア(%)",
      "n": 47,
      "min": 17.852896211992526,
      "max": 41.39444173573866,
      "mean": 25.28232912621895,
      "median": 24.08504830657616,
      "p25": 22.247059966955003,
      "p75": 27.061528702822706
    },
    "rec_per75": {
      "label": "回復期病床/75+10万対",
      "n": 47,
      "min": 546.0696815187993,
      "max": 1798.3670594469197,
      "mean": 1077.2216881118488,
      "median": 1030.5361827372192,
      "p25": 813.9131112055844,
      "p75": 1299.2814579815708
    },
    "chr_per75": {
      "label": "慢性期病床/75+10万対",
      "n": 47,
      "min": 797.9389660669552,
      "max": 3560.370435086493,
      "mean": 1511.1851613167264,
      "median": 1386.6832092638545,
      "p25": 1084.05533930256,
      "p75": 1741.0866870380103
    }
  },
  "classification": {
    "支援型可能性": {
      "count": 10,
      "prefs": [
        "山梨県",
        "和歌山県",
        "鳥取県",
        "山口県",
        "徳島県",
        "愛媛県",
        "長崎県",
        "熊本県",
        "大分県",
        "鹿児島県"
      ]
    },
    "ギャップ型可能性": {
      "count": 15,
      "prefs": [
        "北海道",
        "青森県",
        "岩手県",
        "秋田県",
        "山形県",
        "新潟県",
        "富山県",
        "長野県",
        "岐阜県",
        "奈良県",
        "島根県",
        "岡山県",
        "香川県",
        "高知県",
        "宮崎県"
      ]
    },
    "mixed": {
      "count": 0,
      "prefs": []
    },
    "gate_not_aging": {
      "count": 22,
      "prefs": [
        "宮城県",
        "福島県",
        "茨城県",
        "栃木県",
        "群馬県",
        "埼玉県",
        "千葉県",
        "東京都",
        "神奈川県",
        "石川県",
        "福井県",
        "静岡県",
        "愛知県",
        "三重県",
        "滋賀県",
        "京都府",
        "大阪府",
        "兵庫県",
        "広島県",
        "福岡県",
        "佐賀県",
        "沖縄県"
      ]
    }
  },
  "detail": {
    "支援型可能性": [
      {
        "pref": "山梨県",
        "share75": 18.044975721700393,
        "hc_per75": 214945.40774670301,
        "rec_share": 21.504739336492893,
        "chr_share": 26.303317535545023,
        "high": 2,
        "low": 1
      },
      {
        "pref": "和歌山県",
        "share75": 19.8890845871525,
        "hc_per75": 384530.43914960104,
        "rec_share": 22.179026144426086,
        "chr_share": 22.247059966955003,
        "high": 2,
        "low": 1
      },
      {
        "pref": "鳥取県",
        "share75": 18.809904228159134,
        "hc_per75": 330948.7059479591,
        "rec_share": 19.46361355081556,
        "chr_share": 24.717691342534504,
        "high": 2,
        "low": 1
      },
      {
        "pref": "山口県",
        "share75": 20.852595243490914,
        "hc_per75": 277262.5441381561,
        "rec_share": 19.355193661971832,
        "chr_share": 34.74361795774648,
        "high": 2,
        "low": 1
      },
      {
        "pref": "徳島県",
        "share75": 19.69541392887184,
        "hc_per75": 356223.8512685534,
        "rec_share": 23.689771766694847,
        "chr_share": 33.84404057480981,
        "high": 3,
        "low": 0
      },
      {
        "pref": "愛媛県",
        "share75": 19.55629545742084,
        "hc_per75": 368153.70292936545,
        "rec_share": 17.234571046430165,
        "chr_share": 26.00471307560028,
        "high": 2,
        "low": 1
      },
      {
        "pref": "長崎県",
        "share75": 18.99018560791241,
        "hc_per75": 307278.0390244709,
        "rec_share": 19.786191010572324,
        "chr_share": 31.114523654834326,
        "high": 2,
        "low": 1
      },
      {
        "pref": "熊本県",
        "share75": 18.03416144001529,
        "hc_per75": 287348.7494466936,
        "rec_share": 23.991379310344826,
        "chr_share": 33.22844827586207,
        "high": 2,
        "low": 1
      },
      {
        "pref": "大分県",
        "share75": 19.470447808322465,
        "hc_per75": 340817.5819259591,
        "rec_share": 23.892781821892644,
        "chr_share": 17.85835771140894,
        "high": 2,
        "low": 1
      },
      {
        "pref": "鹿児島県",
        "share75": 18.239532814195222,
        "hc_per75": 377340.1856600641,
        "rec_share": 23.356780174220898,
        "chr_share": 29.501094703498392,
        "high": 3,
        "low": 0
      }
    ],
    "ギャップ型可能性": [
      {
        "pref": "北海道",
        "share75": 18.655446456594717,
        "hc_per75": 326606.4981565777,
        "rec_share": 13.226418347991034,
        "chr_share": 32.997068460079326,
        "high": 1,
        "low": 2
      },
      {
        "pref": "青森県",
        "share75": 19.35921963201776,
        "hc_per75": 253685.37093358662,
        "rec_share": 17.136355680028007,
        "chr_share": 20.243304743567304,
        "high": 0,
        "low": 3
      },
      {
        "pref": "岩手県",
        "share75": 19.631731139287904,
        "hc_per75": 226967.7903613926,
        "rec_share": 25.32523850823938,
        "chr_share": 23.790112749349525,
        "high": 1,
        "low": 2
      },
      {
        "pref": "秋田県",
        "share75": 22.037171344865516,
        "hc_per75": 173533.26597777265,
        "rec_share": 15.881686076471194,
        "chr_share": 22.353911161496445,
        "high": 0,
        "low": 3
      },
      {
        "pref": "山形県",
        "share75": 19.632052790878987,
        "hc_per75": 242223.22889140554,
        "rec_share": 20.392156862745097,
        "chr_share": 21.774509803921568,
        "high": 1,
        "low": 2
      },
      {
        "pref": "新潟県",
        "share75": 19.17700932675383,
        "hc_per75": 197904.8743789361,
        "rec_share": 18.331411801697936,
        "chr_share": 22.361387695210148,
        "high": 1,
        "low": 2
      },
      {
        "pref": "富山県",
        "share75": 19.576495038352622,
        "hc_per75": 242060.21191677306,
        "rec_share": 16.816869367398724,
        "chr_share": 33.42374660950214,
        "high": 1,
        "low": 2
      },
      {
        "pref": "長野県",
        "share75": 19.235578696041568,
        "hc_per75": 266062.408437567,
        "rec_share": 20.16307117377272,
        "chr_share": 17.852896211992526,
        "high": 1,
        "low": 2
      },
      {
        "pref": "岐阜県",
        "share75": 18.00328925957834,
        "hc_per75": 374183.55727624684,
        "rec_share": 17.37711338860239,
        "chr_share": 18.297539003851426,
        "high": 1,
        "low": 2
      },
      {
        "pref": "奈良県",
        "share75": 19.182409476446576,
        "hc_per75": 321971.5752767291,
        "rec_share": 19.769850402761797,
        "chr_share": 19.91561181434599,
        "high": 1,
        "low": 2
      },
      {
        "pref": "島根県",
        "share75": 20.557388786850545,
        "hc_per75": 314353.42575696774,
        "rec_share": 22.928915018706576,
        "chr_share": 25.24051309460182,
        "high": 1,
        "low": 2
      },
      {
        "pref": "岡山県",
        "share75": 18.25863051553716,
        "hc_per75": 319368.2859871091,